{"cameraMode":{"drawMode":0,"name":"Shaded","section":"Shading Mode"},"sceneLighting":false,"audioPlay":false,"sceneViewState":{"m_AlwaysRefresh":false,"showFog":true,"showSkybox":false,"showFlares":true,"showImageEffects":true,"showParticleSystems":true,"showVisualEffectGraphs":true,"m_FxEnabled":true},"in2DMode":false,"pivot":{"x":0.45572084188461306,"y":0.3623725175857544,"z":-0.19567692279815675},"rotation":{"x":0.2193647027015686,"y":-0.5541706085205078,"z":0.1542665958404541,"w":0.7880221009254456},"size":0.45786917209625246,"orthographic":true}