{"cameraMode":{"drawMode":0,"name":"Shaded","section":"Shading Mode"},"sceneLighting":false,"audioPlay":false,"sceneViewState":{"m_AlwaysRefresh":false,"showFog":true,"showSkybox":false,"showFlares":true,"showImageEffects":true,"showParticleSystems":true,"showVisualEffectGraphs":true,"m_FxEnabled":true},"in2DMode":false,"pivot":{"x":0.07840964198112488,"y":0.08939559757709503,"z":0.1829119324684143},"rotation":{"x":0.49046215415000918,"y":0.00032536088838241994,"z":0.0006399817066267133,"w":0.8731393218040466},"size":0.20509003102779389,"orthographic":false}