{"cameraMode":{"drawMode":0,"name":"Shaded","section":"Shading Mode"},"sceneLighting":false,"audioPlay":false,"sceneViewState":{"m_AlwaysRefresh":false,"showFog":true,"showSkybox":false,"showFlares":true,"showImageEffects":true,"showParticleSystems":true,"showVisualEffectGraphs":true,"m_FxEnabled":true},"in2DMode":false,"pivot":{"x":-0.09329012781381607,"y":0.06750360876321793,"z":0.17173008620738984},"rotation":{"x":-0.16976791620254517,"y":0.7383626699447632,"z":-0.20196521282196046,"w":-0.6206532120704651},"size":0.5158296823501587,"orthographic":false}