{"cameraMode":{"drawMode":0,"name":"Shaded","section":"Shading Mode"},"sceneLighting":false,"audioPlay":false,"sceneViewState":{"m_AlwaysRefresh":false,"showFog":true,"showSkybox":false,"showFlares":true,"showImageEffects":true,"showParticleSystems":true,"showVisualEffectGraphs":true,"m_FxEnabled":true},"in2DMode":false,"pivot":{"x":0.21804316341876985,"y":0.13835445046424867,"z":-0.1272902935743332},"rotation":{"x":-0.2579212784767151,"y":0.5049064755439758,"z":-0.1608148068189621,"w":-0.8083542585372925},"size":0.00575236277654767,"orthographic":false}