{"cameraMode":{"drawMode":0,"name":"Shaded","section":"Shading Mode"},"sceneLighting":false,"audioPlay":false,"sceneViewState":{"m_AlwaysRefresh":false,"showFog":true,"showSkybox":false,"showFlares":true,"showImageEffects":true,"showParticleSystems":true,"showVisualEffectGraphs":true,"m_FxEnabled":true},"in2DMode":false,"pivot":{"x":0.07990483939647675,"y":0.039913009852170947,"z":-0.15426144003868104},"rotation":{"x":-0.1281842440366745,"y":0.16171704232692719,"z":-0.021018197759985925,"w":-0.9786340594291687},"size":0.006025099195539951,"orthographic":false}