{"cameraMode":{"drawMode":0,"name":"Shaded","section":"Shading Mode"},"sceneLighting":false,"audioPlay":false,"sceneViewState":{"m_AlwaysRefresh":false,"showFog":true,"showSkybox":false,"showFlares":true,"showImageEffects":true,"showParticleSystems":true,"showVisualEffectGraphs":true,"m_FxEnabled":true},"in2DMode":false,"pivot":{"x":0.039207298308610919,"y":0.04137888923287392,"z":-0.26417869329452517},"rotation":{"x":-0.07601473480463028,"y":0.06904564797878266,"z":-0.004873858764767647,"w":-0.9950819611549377},"size":0.0007071068393997848,"orthographic":false}