{"cameraMode":{"drawMode":0,"name":"Shaded","section":"Shading Mode"},"sceneLighting":false,"audioPlay":false,"sceneViewState":{"m_AlwaysRefresh":false,"showFog":true,"showSkybox":false,"showFlares":true,"showImageEffects":true,"showParticleSystems":true,"showVisualEffectGraphs":true,"m_FxEnabled":true},"in2DMode":false,"pivot":{"x":0.0010139973601326347,"y":-0.0001989792799577117,"z":0.0019950163550674917},"rotation":{"x":0.06925047188997269,"y":0.010717976838350296,"z":0.0008430211455561221,"w":-0.9979164004325867},"size":10.0,"orthographic":false}