{"cameraMode":{"drawMode":0,"name":"Shaded","section":"Shading Mode"},"sceneLighting":false,"audioPlay":false,"sceneViewState":{"m_AlwaysRefresh":false,"showFog":true,"showSkybox":false,"showFlares":true,"showImageEffects":true,"showParticleSystems":true,"showVisualEffectGraphs":true,"m_FxEnabled":true},"in2DMode":false,"pivot":{"x":-0.17476853728294373,"y":0.15511247515678407,"z":0.0653669685125351},"rotation":{"x":-0.07811164110898972,"y":-0.49272871017456057,"z":0.044465430080890658,"w":-0.8655592203140259},"size":0.21826113760471345,"orthographic":false}