{"cameraMode":{"drawMode":0,"name":"Shaded","section":"Shading Mode"},"sceneLighting":false,"audioPlay":false,"sceneViewState":{"m_AlwaysRefresh":false,"showFog":true,"showSkybox":false,"showFlares":true,"showImageEffects":true,"showParticleSystems":true,"showVisualEffectGraphs":true,"m_FxEnabled":true},"in2DMode":false,"pivot":{"x":-0.15030430257320405,"y":-0.041097674518823627,"z":0.4138883054256439},"rotation":{"x":0.04365500062704086,"y":-0.7025883793830872,"z":0.04326358437538147,"w":0.7089405655860901},"size":0.8731486201286316,"orthographic":false}