{"cameraMode":{"drawMode":0,"name":"Shaded","section":"Shading Mode"},"sceneLighting":false,"audioPlay":false,"sceneViewState":{"m_AlwaysRefresh":false,"showFog":true,"showSkybox":false,"showFlares":true,"showImageEffects":true,"showParticleSystems":true,"showVisualEffectGraphs":true,"m_FxEnabled":true},"in2DMode":false,"pivot":{"x":0.17435798048973084,"y":0.11918242275714874,"z":0.23259255290031434},"rotation":{"x":0.040185440331697467,"y":-0.7251114249229431,"z":0.042467545717954639,"w":0.6861482262611389},"size":0.8268647193908691,"orthographic":true}