{"cameraMode":{"drawMode":0,"name":"Shaded","section":"Shading Mode"},"sceneLighting":false,"audioPlay":false,"sceneViewState":{"m_AlwaysRefresh":false,"showFog":true,"showSkybox":false,"showFlares":true,"showImageEffects":true,"showParticleSystems":true,"showVisualEffectGraphs":true,"m_FxEnabled":true},"in2DMode":false,"pivot":{"x":0.5740827918052673,"y":-0.11300085484981537,"z":0.24693091213703156},"rotation":{"x":-0.026942912489175798,"y":-0.7222869396209717,"z":-0.028183484449982644,"w":0.6904937624931336},"size":0.3472496569156647,"orthographic":true}