{"cameraMode":{"drawMode":0,"name":"Shaded","section":"Shading Mode"},"sceneLighting":false,"audioPlay":false,"sceneViewState":{"m_AlwaysRefresh":false,"showFog":true,"showSkybox":false,"showFlares":true,"showImageEffects":true,"showParticleSystems":true,"showVisualEffectGraphs":true,"m_FxEnabled":true},"in2DMode":false,"pivot":{"x":-0.47154390811920168,"y":0.21199999749660493,"z":-8.178092956542969},"rotation":{"x":0.382297158241272,"y":0.27007409930229189,"z":-0.1176786869764328,"w":0.8763657808303833},"size":0.14271678030490876,"orthographic":false}