{"cameraMode":{"drawMode":0,"name":"Shaded","section":"Shading Mode"},"sceneLighting":false,"audioPlay":false,"sceneViewState":{"m_AlwaysRefresh":false,"showFog":true,"showSkybox":false,"showFlares":true,"showImageEffects":true,"showParticleSystems":true,"showVisualEffectGraphs":true,"m_FxEnabled":true},"in2DMode":false,"pivot":{"x":-0.31067579984664919,"y":-0.018651053309440614,"z":0.2202555239200592},"rotation":{"x":0.15573492646217347,"y":-0.3069364130496979,"z":0.06325016170740128,"w":0.9381357431411743},"size":0.34509092569351199,"orthographic":false}