{"cameraMode":{"drawMode":0,"name":"Shaded","section":"Shading Mode"},"sceneLighting":false,"audioPlay":false,"sceneViewState":{"m_AlwaysRefresh":false,"showFog":true,"showSkybox":false,"showFlares":true,"showImageEffects":true,"showParticleSystems":true,"showVisualEffectGraphs":true,"m_FxEnabled":true},"in2DMode":false,"pivot":{"x":0.26304203271865847,"y":-0.09109694510698319,"z":0.507175862789154},"rotation":{"x":0.03987763077020645,"y":-0.6940633058547974,"z":0.03856008127331734,"w":0.7177783846855164},"size":0.774176299571991,"orthographic":false}