{"cameraMode":{"drawMode":0,"name":"Shaded","section":"Shading Mode"},"sceneLighting":false,"audioPlay":false,"sceneViewState":{"m_AlwaysRefresh":false,"showFog":true,"showSkybox":false,"showFlares":true,"showImageEffects":true,"showParticleSystems":true,"showVisualEffectGraphs":true,"m_FxEnabled":true},"in2DMode":false,"pivot":{"x":-0.04193658009171486,"y":0.15617410838603974,"z":-0.11482737213373184},"rotation":{"x":0.24131006002426148,"y":0.10770745575428009,"z":-0.024444570764899255,"w":0.9648572206497192},"size":0.002476169727742672,"orthographic":false}