{"cameraMode":{"drawMode":0,"name":"Shaded","section":"Shading Mode"},"sceneLighting":false,"audioPlay":false,"sceneViewState":{"m_AlwaysRefresh":false,"showFog":true,"showSkybox":false,"showFlares":true,"showImageEffects":true,"showParticleSystems":true,"showVisualEffectGraphs":true,"m_FxEnabled":true},"in2DMode":false,"pivot":{"x":0.39021924138069155,"y":0.09851421415805817,"z":0.3757396340370178},"rotation":{"x":-0.14444121718406678,"y":-0.42242735624313357,"z":0.06838884949684143,"w":-0.8922069668769836},"size":0.39122113585472109,"orthographic":false}