{"cameraMode":{"drawMode":0,"name":"Shaded","section":"Shading Mode"},"sceneLighting":false,"audioPlay":false,"sceneViewState":{"m_AlwaysRefresh":false,"showFog":true,"showSkybox":false,"showFlares":true,"showImageEffects":true,"showParticleSystems":true,"showVisualEffectGraphs":true,"m_FxEnabled":true},"in2DMode":false,"pivot":{"x":0.1079418957233429,"y":0.0498318076133728,"z":0.49159687757492068},"rotation":{"x":-0.2284441888332367,"y":-0.1666768491268158,"z":0.03973099961876869,"w":-0.9583731889724731},"size":0.39122113585472109,"orthographic":false}