{"cameraMode":{"drawMode":0,"name":"Shaded","section":"Shading Mode"},"sceneLighting":true,"audioPlay":false,"sceneViewState":{"m_AlwaysRefresh":false,"showFog":true,"showSkybox":true,"showFlares":true,"showImageEffects":true,"showParticleSystems":true,"showVisualEffectGraphs":true,"m_FxEnabled":true},"in2DMode":false,"pivot":{"x":1237.035400390625,"y":676.4629516601563,"z":460.35821533203127},"rotation":{"x":-0.025500185787677766,"y":0.009970743209123612,"z":-0.0002820138179231435,"w":-0.9998191595077515},"size":859.12744140625,"orthographic":false}