{"cameraMode":{"drawMode":0,"name":"Shaded","section":"Shading Mode"},"sceneLighting":true,"audioPlay":false,"sceneViewState":{"m_AlwaysRefresh":false,"showFog":true,"showSkybox":true,"showFlares":true,"showImageEffects":true,"showParticleSystems":true,"showVisualEffectGraphs":true,"m_FxEnabled":true},"in2DMode":false,"pivot":{"x":5.648012161254883,"y":-5.179616928100586,"z":-11.576088905334473},"rotation":{"x":0.003499068319797516,"y":0.9812164306640625,"z":-0.1959257572889328,"w":-0.03064895235002041},"size":12.124356269836426,"orthographic":false}