{"cameraMode":{"drawMode":0,"name":"Shaded","section":"Shading Mode"},"sceneLighting":true,"audioPlay":false,"sceneViewState":{"m_AlwaysRefresh":false,"showFog":true,"showSkybox":true,"showFlares":true,"showImageEffects":true,"showParticleSystems":true,"showVisualEffectGraphs":true,"m_FxEnabled":true},"in2DMode":false,"pivot":{"x":8.44502067565918,"y":-3.7116317749023439,"z":9.266785621643067},"rotation":{"x":-0.12022662907838822,"y":-0.18143299221992494,"z":0.010558600537478924,"w":-0.9772239327430725},"size":12.124356269836426,"orthographic":false}