{"cameraMode":{"drawMode":0,"name":"Shaded","section":"Shading Mode"},"sceneLighting":true,"audioPlay":false,"sceneViewState":{"m_AlwaysRefresh":false,"showFog":true,"showSkybox":true,"showFlares":true,"showImageEffects":true,"showParticleSystems":true,"showVisualEffectGraphs":true,"m_FxEnabled":true},"in2DMode":false,"pivot":{"x":-59.23960876464844,"y":51.139461517333987,"z":61.815391540527347},"rotation":{"x":0.0871688574552536,"y":0.9124932885169983,"z":-0.30215442180633547,"w":0.26274001598358157},"size":1.159301519393921,"orthographic":false}