{"cameraMode":{"drawMode":0,"name":"Shaded","section":"Shading Mode"},"sceneLighting":true,"audioPlay":false,"sceneViewState":{"m_AlwaysRefresh":false,"showFog":true,"showSkybox":true,"showFlares":true,"showImageEffects":true,"showParticleSystems":true,"showVisualEffectGraphs":true,"m_FxEnabled":true},"in2DMode":false,"pivot":{"x":0.018185822293162347,"y":3.235511064529419,"z":-3.095689058303833},"rotation":{"x":0.043768029659986499,"y":0.4540901482105255,"z":-0.010651648044586182,"w":0.8912089467048645},"size":0.35969406366348269,"orthographic":false}