{"cameraMode":{"drawMode":0,"name":"Shaded","section":"Shading Mode"},"sceneLighting":true,"audioPlay":false,"sceneViewState":{"m_AlwaysRefresh":false,"showFog":true,"showSkybox":true,"showFlares":true,"showImageEffects":true,"showParticleSystems":true,"showVisualEffectGraphs":true,"m_FxEnabled":true},"in2DMode":false,"pivot":{"x":5.423300743103027,"y":2.3067033290863039,"z":1.8063768148422242},"rotation":{"x":0.059040844440460208,"y":0.7131450176239014,"z":-0.04548899456858635,"w":0.6988200545310974},"size":0.35969406366348269,"orthographic":false}