{"cameraMode":{"drawMode":0,"name":"Shaded","section":"Shading Mode"},"sceneLighting":true,"audioPlay":false,"sceneViewState":{"m_AlwaysRefresh":false,"showFog":true,"showSkybox":true,"showFlares":true,"showImageEffects":true,"showParticleSystems":true,"showVisualEffectGraphs":true,"m_FxEnabled":true},"in2DMode":false,"pivot":{"x":0.7728864550590515,"y":2.1957297325134279,"z":16.41875457763672},"rotation":{"x":0.05107854679226875,"y":-0.9242045283317566,"z":0.15371295809745789,"w":0.3507120907306671},"size":0.22932209074497224,"orthographic":false}