{"cameraMode":{"drawMode":0,"name":"Shaded","section":"Shading Mode"},"sceneLighting":true,"audioPlay":false,"sceneViewState":{"m_AlwaysRefresh":false,"showFog":true,"showSkybox":true,"showFlares":true,"showImageEffects":true,"showParticleSystems":true,"showVisualEffectGraphs":true,"m_FxEnabled":true},"in2DMode":false,"pivot":{"x":1.2784690856933594,"y":1.8895885944366456,"z":-9.794079780578614},"rotation":{"x":-0.23467271029949189,"y":0.20980879664421082,"z":-0.05538008734583855,"w":-0.9483467936515808},"size":0.7468308806419373,"orthographic":false}