{"cameraMode":{"drawMode":0,"name":"Shaded","section":"Shading Mode"},"sceneLighting":true,"audioPlay":false,"sceneViewState":{"m_AlwaysRefresh":false,"showFog":true,"showSkybox":true,"showFlares":true,"showImageEffects":true,"showParticleSystems":true,"showVisualEffectGraphs":true,"m_FxEnabled":true},"in2DMode":false,"pivot":{"x":9.298611640930176,"y":-18.46658706665039,"z":58.07381057739258},"rotation":{"x":0.22082236409187318,"y":-0.011348589323461056,"z":0.0028018939774483444,"w":0.9768533706665039},"size":23.909955978393556,"orthographic":false}